"","Variable","Description","URL","Levels","Category","UKB.dataset.ID","Field.ID","Notes","Description.1","Years.collected","UKB.Assessment","UKB.Category"
"1","country_birth","Country of birth (UK/elsewhere)","https://biobank.ctsu.ox.ac.uk/crystal/field.cgi?id=1647",NA,"Early life factors","f.1647.0.0",1647,"",NA,"2006-2010","ACE/Touchscreen","Early life factors"
"2","breastfed","Breastfed as a baby","https://biobank.ctsu.ox.ac.uk/crystal/field.cgi?id=1677",NA,"Early life factors","f.1677.0.0",1677,"",NA,"2006-2010","ACE/Touchscreen","Early life factors"
"3","body_size_10yrs_old","Comparative body size at age 10","https://biobank.ctsu.ox.ac.uk/crystal/field.cgi?id=1687",NA,"Early life factors","f.1687.0.0",1687,"",NA,"2006-2010","ACE/Touchscreen","Early life factors"
"4","height_10yrs_old","Comparative height size at age 10","https://biobank.ctsu.ox.ac.uk/crystal/field.cgi?id=1697",NA,"Early life factors","f.1697.0.0",1697,"",NA,"2006-2010","ACE/Touchscreen","Early life factors"
"5","handedness","Handedness (chirality/laterality)","https://biobank.ctsu.ox.ac.uk/crystal/field.cgi?id=1707",NA,"Early life factors","f.1707.0.0",1707,"",NA,"2006-2010","ACE/Touchscreen","Early life factors"
"7","part_multiple_birth","Part of a multiple birth","https://biobank.ctsu.ox.ac.uk/crystal/field.cgi?id=1777",NA,"Early life factors","f.1777.0.0",1777,"",NA,"2006-2010","ACE/Touchscreen","Early life factors"
"8","maternal_smoking","Maternal smoking around birth","https://biobank.ctsu.ox.ac.uk/crystal/field.cgi?id=1787",NA,"Early life factors","f.1787.0.0",1787,"",NA,"2006-2010","ACE/Touchscreen","Early life factors"
"9","birth_weight","Birth weight","http://biobank.ndph.ox.ac.uk/showcase/field.cgi?id=20022",NA,"Early life factors","f.20022.0.0",20022,"",NA,"2006-2010","ACE/Verbal interview","Early life factors"
"18","relative_illness_injury_assault","Illness, injury, bereavement, stress in last 2 years","http://biobank.ndph.ox.ac.uk/showcase/field.cgi?id=6145",NA,"Stressful life events","f.6145.0.0 - f.6145.0.5",6146,"",NA,"","",""
"19","death_relative","Illness, injury, bereavement, stress in last 2 years","http://biobank.ndph.ox.ac.uk/showcase/field.cgi?id=6145",NA,"Stressful life events","f.6145.0.0 - f.6145.0.5",6147,"",NA,"","",""
"20","death_partner","Illness, injury, bereavement, stress in last 2 years","http://biobank.ndph.ox.ac.uk/showcase/field.cgi?id=6145",NA,"Stressful life events","f.6145.0.0 - f.6145.0.5",6148,"",NA,"","",""
"21","divorce","Illness, injury, bereavement, stress in last 2 years","http://biobank.ndph.ox.ac.uk/showcase/field.cgi?id=6145",NA,"Stressful life events","f.6145.0.0 - f.6145.0.5",6149,"",NA,"","",""
"22","financial_difficulty","Illness, injury, bereavement, stress in last 2 years","http://biobank.ndph.ox.ac.uk/showcase/field.cgi?id=6145",NA,"Stressful life events","f.6145.0.0 - f.6145.0.5",6150,"",NA,"","",""
"23","family_visit_freq","Frequency of friend/family visits","http://biobank.ndph.ox.ac.uk/showcase/field.cgi?id=1031",NA,"Social support","f.1031.0.0",1031,"",NA,"2006-2010","ACE/Touchscreen","Social support"
"24","gym","Leisure/social activities","http://biobank.ndph.ox.ac.uk/showcase/field.cgi?id=6160",NA,"Social support","f.6160.0.0 - f.6160.0.4",6160,"",NA,"2006-2010","ACE/Touchscreen","Social support"
"25","pub","Leisure/social activities","http://biobank.ndph.ox.ac.uk/showcase/field.cgi?id=6160",NA,"Social support","f.6160.0.0 - f.6160.0.4",6161,"",NA,"","",""
"26","religious_group","Leisure/social activities","http://biobank.ndph.ox.ac.uk/showcase/field.cgi?id=6160",NA,"Social support","f.6160.0.0 - f.6160.0.4",6162,"",NA,"","",""
"27","adult_education","Leisure/social activities","http://biobank.ndph.ox.ac.uk/showcase/field.cgi?id=6160",NA,"Social support","f.6160.0.0 - f.6160.0.4",6163,"",NA,"","",""
"29","confide_freq","Able to confide","http://biobank.ndph.ox.ac.uk/showcase/field.cgi?id=2110",NA,"Social support","f.2110.0.0",2110,"",NA,"2006-2010","ACE/Touchscreen","Social support"
"30","loneliness","Loneliness, isolation","http://biobank.ndph.ox.ac.uk/showcase/field.cgi?id=2020",NA,"Social support","f.2020.0.0",2020,"",NA,"","","Mental health"
"31","accommodation_type","Type of accommodation lived in","http://biobank.ndph.ox.ac.uk/showcase/field.cgi?id=670",NA,"Household","f.670.0.0",670,"",NA,"2006-2010","ACE/Touchscreen","Household"
"32","own_or_rent","Own or rent accommodation lived in","http://biobank.ndph.ox.ac.uk/showcase/field.cgi?id=680",NA,"Household","f.680.0.0",680,"",NA,"2006-2010","ACE/Touchscreen","Household"
"33","gas_hob_heat","Gas or solid-fuel cooking/heating","http://biobank.ndph.ox.ac.uk/showcase/field.cgi?id=6139",NA,"Household","f.6139.0.0 - f.6139.0.2",6139,"",NA,"2006-2010","ACE/Touchscreen","Household"
"34","gas_fire_heat","Gas or solid-fuel cooking/heating","http://biobank.ndph.ox.ac.uk/showcase/field.cgi?id=6139",NA,"Household","f.6139.0.0 - f.6139.0.2",6139,"",NA,"","",""
"35","open_fire_heat","Gas or solid-fuel cooking/heating","http://biobank.ndph.ox.ac.uk/showcase/field.cgi?id=6139",NA,"Household","f.6139.0.0 - f.6139.0.2",6139,"",NA,"","",""
"36","gas_central_heat","Heating type(s) in home","http://biobank.ndph.ox.ac.uk/showcase/field.cgi?id=6140",NA,"Household","f.6140.0.0 - f.6140.0.5",6140,"",NA,"2006-2010","ACE/Touchscreen","Household"
"37","electric_storage_heat","Heating type(s) in home","http://biobank.ndph.ox.ac.uk/showcase/field.cgi?id=6140",NA,"Household","f.6140.0.0 - f.6140.0.5",6140,"",NA,"","",""
"38","oil_central_heat","Heating type(s) in home","http://biobank.ndph.ox.ac.uk/showcase/field.cgi?id=6140",NA,"Household","f.6140.0.0 - f.6140.0.5",6140,"",NA,"","",""
"42","years_at_address","Length of time at current address","http://biobank.ndph.ox.ac.uk/showcase/field.cgi?id=699",NA,"Household","f.699.0.0",699,"",NA,"2006-2010","ACE/Touchscreen","Household"
"43","hshld_number","Number in household","http://biobank.ndph.ox.ac.uk/showcase/field.cgi?id=709",NA,"Household","f.709.0.0",709,"",NA,"2006-2010","ACE/Touchscreen","Household"
"44","hshld_partner","How are people in household related to participant","http://biobank.ndph.ox.ac.uk/showcase/field.cgi?id=6141",NA,"Household","f.6141.0.0 - f.6141.0.7",6141,"",NA,"2006-2010","ACE/Touchscreen","Household"
"45","hshld_children","How are people in household related to participant","http://biobank.ndph.ox.ac.uk/showcase/field.cgi?id=6141",NA,"Household","f.6141.0.0 - f.6141.0.7",6141,"",NA,"","",""
"46","hshld_siblings","How are people in household related to participant","http://biobank.ndph.ox.ac.uk/showcase/field.cgi?id=6141",NA,"Household","f.6141.0.0 - f.6141.0.7",6141,"",NA,"","",""
"47","hshld_parents","How are people in household related to participant","http://biobank.ndph.ox.ac.uk/showcase/field.cgi?id=6141",NA,"Household","f.6141.0.0 - f.6141.0.7",6141,"",NA,"","",""
"49","hshld_grandchild","How are people in household related to participant","http://biobank.ndph.ox.ac.uk/showcase/field.cgi?id=6141",NA,"Household","f.6141.0.0 - f.6141.0.7",6141,"",NA,"","",""
"52","hshld_vehicles","Number of vehicles in household","http://biobank.ndph.ox.ac.uk/showcase/field.cgi?id=728",NA,"Household","f.728.0.0",728,"",NA,"2006-2010","ACE/Touchscreen","Household"
"53","hshld_income","Average total household income before tax","http://biobank.ndph.ox.ac.uk/showcase/field.cgi?id=738",NA,"Household","f.738.0.0",738,"",NA,"2006-2010","ACE/Touchscreen","Household"
"61","education_years","Years of education (derived)","",NA,"Education",NA,NA,"",NA,"","",""
"65","employed","Current employment status","http://biobank.ndph.ox.ac.uk/showcase/field.cgi?id=6142",NA,"Employment","f.6142.0.0 - f.6142.0.6",6142,"",NA,"2006-2010","ACE/Touchscreen","Employment"
"66","retired","Current employment status","http://biobank.ndph.ox.ac.uk/showcase/field.cgi?id=6142",NA,"Employment","f.6142.0.0 - f.6142.0.6",6142,"",NA,"","",""
"67","home_maker","Current employment status","http://biobank.ndph.ox.ac.uk/showcase/field.cgi?id=6142",NA,"Employment","f.6142.0.0 - f.6142.0.6",6142,"",NA,"","",""
"69","unemployed","Current employment status","http://biobank.ndph.ox.ac.uk/showcase/field.cgi?id=6142",NA,"Employment","f.6142.0.0 - f.6142.0.6",6142,"",NA,"","",""
"70","volunteer","Current employment status","http://biobank.ndph.ox.ac.uk/showcase/field.cgi?id=6142",NA,"Employment","f.6142.0.0 - f.6142.0.6",6142,"",NA,"","",""
"71","student","Current employment status","http://biobank.ndph.ox.ac.uk/showcase/field.cgi?id=6142",NA,"Employment","f.6142.0.0 - f.6142.0.6",6142,"",NA,"","",""
"85","ethnicity","Ethnic background","http://biobank.ndph.ox.ac.uk/showcase/field.cgi?id=21000",NA,"Other sociodemographics","f.21000.0.0",21000,"",NA,"2006-2010","ACE/Touchscreen","Ethnicity"
"89","private_healthcare","Private healthcare","http://biobank.ndph.ox.ac.uk/showcase/field.cgi?id=4674",NA,"Other sociodemographics","f.4674.0.0",4674,"",NA,"2006-2010","ACE/Touchscreen","Other sociodemographic"
"93","recruitment_centre","UK Biobank assessment centre","http://biobank.ndph.ox.ac.uk/showcase/field.cgi?id=54",NA,"Other sociodemographics","f.54.0.0",54,"",NA,"2006-2010","ACE/Recruitment","Reception"
"317","multivitamin_supplements","Vitamin and mineral supplements","https://biobank.ctsu.ox.ac.uk/crystal/field.cgi?id=6155",NA,"Supplements","f.6155.0.0 - f.6155.0.6",6155,"",NA,"2006-2010","ACE/Touchscreen","Medications"
"318","vitamin_A_supplements","Vitamin and mineral supplements","https://biobank.ctsu.ox.ac.uk/crystal/field.cgi?id=6155",NA,"Supplements","f.6155.0.0 - f.6155.0.6",6155,"",NA,"","",""
"319","vitamin_B_supplements","Vitamin and mineral supplements","https://biobank.ctsu.ox.ac.uk/crystal/field.cgi?id=6155",NA,"Supplements","f.6155.0.0 - f.6155.0.6",6155,"",NA,"","",""
"320","vitamin_C_supplements","Vitamin and mineral supplements","https://biobank.ctsu.ox.ac.uk/crystal/field.cgi?id=6155",NA,"Supplements","f.6155.0.0 - f.6155.0.6",6155,"",NA,"","",""
"321","vitamin_D_supplements","Vitamin and mineral supplements","https://biobank.ctsu.ox.ac.uk/crystal/field.cgi?id=6155",NA,"Supplements","f.6155.0.0 - f.6155.0.6",6155,"",NA,"","",""
"322","vitamin_E_supplements","Vitamin and mineral supplements","https://biobank.ctsu.ox.ac.uk/crystal/field.cgi?id=6155",NA,"Supplements","f.6155.0.0 - f.6155.0.6",6155,"",NA,"","",""
"323","folate_supplements","Vitamin and mineral supplements","https://biobank.ctsu.ox.ac.uk/crystal/field.cgi?id=6155",NA,"Supplements","f.6155.0.0 - f.6155.0.6",6155,"",NA,"","",""
"324","fish_oil_supplements","Mineral and other dietary supplements","https://biobank.ctsu.ox.ac.uk/crystal/field.cgi?id=6179",NA,"Supplements","f.6179.0.0 - f.6179.0.5",6179,"",NA,"2006-2010","ACE/Touchscreen","Medications"
"325","calcium_supplements","Mineral and other dietary supplements","https://biobank.ctsu.ox.ac.uk/crystal/field.cgi?id=6179",NA,"Supplements","f.6179.0.0 - f.6179.0.5",6179,"",NA,"","",""
"326","selenium_supplements","Mineral and other dietary supplements","https://biobank.ctsu.ox.ac.uk/crystal/field.cgi?id=6179",NA,"Supplements","f.6179.0.0 - f.6179.0.5",6179,"",NA,"","",""
"327","glucosamine_supplements","Mineral and other dietary supplements","https://biobank.ctsu.ox.ac.uk/crystal/field.cgi?id=6179",NA,"Supplements","f.6179.0.0 - f.6179.0.5",6179,"",NA,"","",""
"328","iron_supplements","Mineral and other dietary supplements","https://biobank.ctsu.ox.ac.uk/crystal/field.cgi?id=6179",NA,"Supplements","f.6179.0.0 - f.6179.0.5",6179,"",NA,"","",""
"329","zinc_supplements","Mineral and other dietary supplements","https://biobank.ctsu.ox.ac.uk/crystal/field.cgi?id=6179",NA,"Supplements","f.6179.0.0 - f.6179.0.5",6179,"",NA,"","",""
"367","neuroticism","Neuroticism score","http://biobank.ndph.ox.ac.uk/showcase/field.cgi?id=20127",NA,"Mental health","f.20127.0.0",20127,"",NA,"2006-2010","ACE/Touchscreen","Mental health"
"368","mood_swings","Mood swings","http://biobank.ndph.ox.ac.uk/showcase/field.cgi?id=1920",NA,"Mental health","f.1920.0.0",1920,"",NA,"2006-2010","ACE/Touchscreen","Mental health"
"369","miserableness","Miserableness","http://biobank.ndph.ox.ac.uk/showcase/field.cgi?id=1930",NA,"Mental health","f.1930.0.0",1930,"",NA,"2006-2010","ACE/Touchscreen","Mental health"
"370","irritability","Irritability","http://biobank.ndph.ox.ac.uk/showcase/field.cgi?id=1940",NA,"Mental health","f.1940.0.0",1940,"",NA,"2006-2010","ACE/Touchscreen","Mental health"
"371","sensitivity","Sensitivity / hurt feelings","http://biobank.ndph.ox.ac.uk/showcase/field.cgi?id=1950",NA,"Mental health","f.1950.0.0",1950,"",NA,"2006-2010","ACE/Touchscreen","Mental health"
"372","fed_up_feelings","Fed-up feelings","http://biobank.ndph.ox.ac.uk/showcase/field.cgi?id=1960",NA,"Mental health","f.1960.0.0",1960,"",NA,"2006-2010","ACE/Touchscreen","Mental health"
"373","nervous","Nervous feelings","http://biobank.ndph.ox.ac.uk/showcase/field.cgi?id=1970",NA,"Mental health","f.1970.0.0",1970,"",NA,"2006-2010","ACE/Touchscreen","Mental health"
"374","worrier","Worrier / anxious feelings","http://biobank.ndph.ox.ac.uk/showcase/field.cgi?id=1980",NA,"Mental health","f.1980.0.0",1980,"",NA,"2006-2010","ACE/Touchscreen","Mental health"
"375","tense","Tense / 'highly strung'","http://biobank.ndph.ox.ac.uk/showcase/field.cgi?id=1990",NA,"Mental health","f.1990.0.0",1990,"",NA,"2006-2010","ACE/Touchscreen","Mental health"
"376","worry_embarassment","Worry too long after embarrassment","http://biobank.ndph.ox.ac.uk/showcase/field.cgi?id=2000",NA,"Mental health","f.2000.0.0",2000,"",NA,"2006-2010","ACE/Touchscreen","Mental health"
"377","nerves","Suffer from 'nerves'","http://biobank.ndph.ox.ac.uk/showcase/field.cgi?id=2010",NA,"Mental health","f.2010.0.0",2010,"",NA,"2006-2010","ACE/Touchscreen","Mental health"
"378","guilty_feelings","Guilty feelings","http://biobank.ndph.ox.ac.uk/showcase/field.cgi?id=2030",NA,"Mental health","f.2030.0.0",2030,"",NA,"2006-2010","ACE/Touchscreen","Mental health"
"379","risk_taking","Risk taking","http://biobank.ndph.ox.ac.uk/showcase/field.cgi?id=2040",NA,"Mental health","f.2040.0.0",2040,"",NA,"2006-2010","ACE/Touchscreen","Mental health"
"380","happiness","Happiness","http://biobank.ndph.ox.ac.uk/showcase/field.cgi?id=4526",NA,"Life satisfaction","f.4526.0.0",4526,"",NA,"2006-2010","ACE/Touchscreen","Mental health"
"381","job_satisfaction","Work/job satisfaction","http://biobank.ndph.ox.ac.uk/showcase/field.cgi?id=4537",NA,"Life satisfaction","f.4537.0.0",4537,"",NA,"2006-2010","ACE/Touchscreen","Mental health"
"382","health_satisfaction","Health satisfaction","http://biobank.ndph.ox.ac.uk/showcase/field.cgi?id=4548",NA,"Life satisfaction","f.4548.0.0",4548,"",NA,"2006-2010","ACE/Touchscreen","Mental health"
"383","family_satisfaction","Family relationship satisfaction","http://biobank.ndph.ox.ac.uk/showcase/field.cgi?id=4559",NA,"Life satisfaction","f.4559.0.0",4559,"",NA,"2006-2010","ACE/Touchscreen","Mental health"
"384","friends_satisfaction","Friendships satisfaction","http://biobank.ndph.ox.ac.uk/showcase/field.cgi?id=4570",NA,"Life satisfaction","f.4570.0.0",4570,"",NA,"2006-2010","ACE/Touchscreen","Mental health"
"385","financial_satisfaction","Financial situation satisfaction","http://biobank.ndph.ox.ac.uk/showcase/field.cgi?id=4581",NA,"Life satisfaction","f.4581.0.0",4581,"",NA,"2006-2010","ACE/Touchscreen","Mental health"
"386","depressed_mood_freq","Frequency of depressed mood in last 2 weeks","http://biobank.ndph.ox.ac.uk/showcase/field.cgi?id=2050",NA,"Mental health","f.2050.0.0",2050,"",NA,"2006-2010","ACE/Touchscreen","Mental health"
"387","unenthusiasm_freq","Frequency of unenthusiasm / disinterest in last 2 weeks","http://biobank.ndph.ox.ac.uk/showcase/field.cgi?id=2060",NA,"Mental health","f.2060.0.0",2060,"",NA,"2006-2010","ACE/Touchscreen","Mental health"
"388","tenseness_freq","Frequency of tenseness / restlessness in last 2 weeks","http://biobank.ndph.ox.ac.uk/showcase/field.cgi?id=2070",NA,"Mental health","f.2070.0.0",2070,"",NA,"2006-2010","ACE/Touchscreen","Mental health"
"389","tiredness_freq","Frequency of tiredness / lethargy in last 2 weeks","http://biobank.ndph.ox.ac.uk/showcase/field.cgi?id=2080",NA,"Mental health","f.2080.0.0",2080,"",NA,"2006-2010","ACE/Touchscreen","Mental health"
"390","doctor_visit_mental_health","Seen doctor (GP) for nerves, anxiety, tension or depression","http://biobank.ndph.ox.ac.uk/showcase/field.cgi?id=2090",NA,"Mental health","f.2090.0.0",2090,"",NA,"2006-2010","ACE/Touchscreen","Mental health"
"391","psychiatrist_visit_mental_health","Seen a psychiatrist for nerves, anxiety, tension or depression","http://biobank.ndph.ox.ac.uk/showcase/field.cgi?id=2100",NA,"Mental health","f.2100.0.0",2100,"",NA,"2006-2010","ACE/Touchscreen","Mental health"
"392","depressed_whole_week","Ever depressed for a whole week","http://biobank.ndph.ox.ac.uk/showcase/field.cgi?id=4598",NA,"Mental health","f.4598.0.0",4598,"",NA,"2006-2010","ACE/Touchscreen","Mental health"
"395","unenthusiastic_whole_week","Ever unenthusiastic/disinterested for a whole week","http://biobank.ndph.ox.ac.uk/showcase/field.cgi?id=4631",NA,"Mental health","f.4631.0.0",4631,"",NA,"2006-2010","ACE/Touchscreen","Mental health"
"398","manic","Ever manic/hyper for 2 days","http://biobank.ndph.ox.ac.uk/showcase/field.cgi?id=4642",NA,"Mental health","f.4642.0.0",4642,"",NA,"2006-2010","ACE/Touchscreen","Mental health"
"399","irritable","Ever highly irritable/argumentative for 2 days","http://biobank.ndph.ox.ac.uk/showcase/field.cgi?id=4653",NA,"Mental health","f.4653.0.0",4653,"",NA,"2006-2010","ACE/Touchscreen","Mental health"
"407","mobile_phone_duration","Length of mobile phone use","http://biobank.ndph.ox.ac.uk/showcase/field.cgi?id=1110",NA,"Electronics use","f.1110.0.0",1110,"",NA,"2006-2010","ACE/Touchscreen","Electronic device use"
"408","mobile_phone_weekly_usage","Weekly usage of mobile phone in last 3 months","http://biobank.ndph.ox.ac.uk/showcase/field.cgi?id=1120",NA,"Electronics use","f.1120.0.0",1120,"",NA,"2006-2010","ACE/Touchscreen","Electronic device use"
"409","speakerphone","Hands-free device/speakerphone use with mobile phone in last 3 month","http://biobank.ndph.ox.ac.uk/showcase/field.cgi?id=1130",NA,"Electronics use","f.1130.0.0",1130,"",NA,"2006-2010","ACE/Touchscreen","Electronic device use"
"410","mobile_phone_2yrs","Difference in mobile phone use compared to two years previously","http://biobank.ndph.ox.ac.uk/showcase/field.cgi?id=1140",NA,"Electronics use","f.1140.0.0",1140,"",NA,"2006-2010","ACE/Touchscreen","Electronic device use"
"411","head_side_phone","Usual side of head for mobile phone use","http://biobank.ndph.ox.ac.uk/showcase/field.cgi?id=1150",NA,"Electronics use","f.1150.0.0",1150,"",NA,"2006-2010","ACE/Touchscreen","Electronic device use"
"412","computer_games","Plays computer games","http://biobank.ndph.ox.ac.uk/showcase/field.cgi?id=2237",NA,"Electronics use","f.2237.0.0",2237,"",NA,"2006-2010","ACE/Touchscreen","Electronic device use"
"414","sleep_hours_categorical","Sleep duration split according to <7, 7-9, and >9 hours of sleep (derived)",NA,NA,"Sleep",NA,NA,"",NA,"","",""
"415","easy_wake","Getting up in morning","http://biobank.ndph.ox.ac.uk/showcase/field.cgi?id=1170",NA,"Sleep","f.1170.0.0",1170,"",NA,"2006-2010","ACE/Touchscreen","Sleep"
"416","chronotype","Morning/evening person (chronotype)","http://biobank.ndph.ox.ac.uk/showcase/field.cgi?id=1180",NA,"Sleep","f.1180.0.0",1180,"",NA,"2006-2010","ACE/Touchscreen","Sleep"
"417","nap","Nap during day","http://biobank.ndph.ox.ac.uk/showcase/field.cgi?id=1190",NA,"Sleep","f.1190.0.0",1190,"",NA,"2006-2010","ACE/Touchscreen","Sleep"
"418","sleep_difficulty","Sleeplessness / insomnia","http://biobank.ndph.ox.ac.uk/showcase/field.cgi?id=1200",NA,"Sleep","f.1200.0.0",1200,"",NA,"2006-2010","ACE/Touchscreen","Sleep"
"419","snoring","Snoring","http://biobank.ndph.ox.ac.uk/showcase/field.cgi?id=1210",NA,"Sleep","f.1210.0.0",1210,"",NA,"2006-2010","ACE/Touchscreen","Sleep"
"421","ever_smoked","Ever smoked","http://biobank.ndph.ox.ac.uk/showcase/field.cgi?id=20160",NA,"Smoking","f.20160.0.0",20160,"",NA,"","",""
"422","pack_years_prop","Pack years adult smoking as proportion of life span exposed to smoking","http://biobank.ndph.ox.ac.uk/showcase/field.cgi?id=20162",NA,"Smoking","f.20162.0.0",20162,"",NA,"2006-2010","ACE/Touchscreen","Smoking"
"423","pack_years","Pack years of smoking","http://biobank.ndph.ox.ac.uk/showcase/field.cgi?id=20161",NA,"Smoking","f.20161.0.0",20161,"",NA,"2006-2010","ACE/Touchscreen","Smoking"
"424","smoking_status","Smoking status","http://biobank.ndph.ox.ac.uk/showcase/field.cgi?id=20116",NA,"Smoking","f.20116.0.0",20116,"",NA,"2006-2010","ACE/Touchscreen","Smoking"
"425","tobacco","Current tobacco smoking","http://biobank.ndph.ox.ac.uk/showcase/field.cgi?id=1239",NA,"Smoking","f.1239.0.0",1239,"",NA,"2006-2010","ACE/Touchscreen","Smoking"
"480","oily_fish","Oily fish intake","http://biobank.ndph.ox.ac.uk/showcase/field.cgi?id=1329",NA,"Diet","f.1329.0.0",1329,"",NA,"2006-2010","ACE/Touchscreen","Diet"
"481","non_oily_fish","Non-oily fish intake","http://biobank.ndph.ox.ac.uk/showcase/field.cgi?id=1339",NA,"Diet","f.1339.0.0",1339,"",NA,"2006-2010","ACE/Touchscreen","Diet"
"482","processed_meat","Processed meat intake","http://biobank.ndph.ox.ac.uk/showcase/field.cgi?id=1349",NA,"Diet","f.1349.0.0",1349,"",NA,"2006-2010","ACE/Touchscreen","Diet"
"483","poultry","Poultry intake","http://biobank.ndph.ox.ac.uk/showcase/field.cgi?id=1359",NA,"Diet","f.1359.0.0",1359,"",NA,"2006-2010","ACE/Touchscreen","Diet"
"488","never_eat_sugar","Never eat eggs, dairy, wheat, sugar","http://biobank.ndph.ox.ac.uk/showcase/field.cgi?id=6144",NA,"Diet","f.6144.0.0 - f.6144.0.3",6144,"",NA,"2006-2010","ACE/Touchscreen","Diet"
"489","never_eat_eggs","Never eat eggs, dairy, wheat, sugar","http://biobank.ndph.ox.ac.uk/showcase/field.cgi?id=6144",NA,"Diet","f.6144.0.0 - f.6144.0.3",6144,"",NA,"","",""
"490","never_eat_wheat","Never eat eggs, dairy, wheat, sugar","http://biobank.ndph.ox.ac.uk/showcase/field.cgi?id=6144",NA,"Diet","f.6144.0.0 - f.6144.0.3",6144,"",NA,"","",""
"491","never_eat_dairy","Never eat eggs, dairy, wheat, sugar","http://biobank.ndph.ox.ac.uk/showcase/field.cgi?id=6144",NA,"Diet","f.6144.0.0 - f.6144.0.3",6144,"",NA,"","",""
"492","cheese","Cheese intake","http://biobank.ndph.ox.ac.uk/showcase/field.cgi?id=1408",NA,"Diet","f.1408.0.0",1408,"",NA,"2006-2010","ACE/Touchscreen","Diet"
"496","bread","Bread intake","http://biobank.ndph.ox.ac.uk/showcase/field.cgi?id=1438",NA,"Diet","f.1438.0.0",1438,"",NA,"2006-2010","ACE/Touchscreen","Diet"
"498","cereal","Cereal intake","http://biobank.ndph.ox.ac.uk/showcase/field.cgi?id=1458",NA,"Diet","f.1458.0.0",1458,"",NA,"2006-2010","ACE/Touchscreen","Diet"
"500","salt","Salt added to food","http://biobank.ndph.ox.ac.uk/showcase/field.cgi?id=1478",NA,"Diet","f.1478.0.0",1478,"",NA,"2006-2010","ACE/Touchscreen","Diet"
"501","tea","Tea intake","http://biobank.ndph.ox.ac.uk/showcase/field.cgi?id=1488",NA,"Diet","f.1488.0.0",1488,"",NA,"2006-2010","ACE/Touchscreen","Diet"
"502","coffee","Coffee intake","http://biobank.ndph.ox.ac.uk/showcase/field.cgi?id=1498",NA,"Diet","f.1498.0.0",1498,"",NA,"2006-2010","ACE/Touchscreen","Diet"
"505","water","Water intake","http://biobank.ndph.ox.ac.uk/showcase/field.cgi?id=1528",NA,"Diet","f.1528.0.0",1528,"",NA,"2006-2010","ACE/Touchscreen","Diet"
"506","diet_change_5yrs","Major dietary changes in the last 5 years","http://biobank.ndph.ox.ac.uk/showcase/field.cgi?id=1538",NA,"Diet","f.1538.0.0",1538,"",NA,"2006-2010","ACE/Touchscreen","Diet"
"507","diet_variation","Variation in diet","http://biobank.ndph.ox.ac.uk/showcase/field.cgi?id=1548",NA,"Diet","f.1548.0.0",1548,"",NA,"2006-2010","ACE/Touchscreen","Diet"
"508","partial_fiber_score","Derived partial fiber score based on previous publication","https://doi.org/10.1017/jns.2017.66",NA,"Diet","",NA,"",NA,"","",""
"509","total_fruit","Derived partial fiber score based on previous publication","https://doi.org/10.1093/ije/dyz064",NA,"Diet","",NA,"",NA,"","",""
"510","total_veg","Derived partial fiber score based on previous publication","https://doi.org/10.1093/ije/dyz064",NA,"Diet","",NA,"",NA,"","",""
"511","red_meat","Derived partial fiber score based on previous publication","https://doi.org/10.1093/ije/dyz064",NA,"Diet","",NA,"",NA,"","",""
"512","dairy_milk","Derived partial fiber score based on previous publication","https://doi.org/10.1093/ije/dyz064",NA,"Diet","",NA,"",NA,"","",""
"513","alcohol_daily_intake","Derived partial fiber score based on previous publication","https://doi.org/10.1093/ije/dyz064",NA,"Diet","",NA,"",NA,"","",""
"514","summer_outdoors_time","Time spend outdoors in summer","http://biobank.ndph.ox.ac.uk/showcase/field.cgi?id=1050",NA,"Sun exposure","f.1050.0.0",1050,"",NA,"2006-2010","ACE/Touchscreen","Sun exposure"
"515","winter_outdoors_time","Time spent outdoors in winter","http://biobank.ndph.ox.ac.uk/showcase/field.cgi?id=1060",NA,"Sun exposure","f.1060.0.0",1060,"",NA,"2006-2010","ACE/Touchscreen","Sun exposure"
"516","skin_color","Skin colour","http://biobank.ndph.ox.ac.uk/showcase/field.cgi?id=1717",NA,"Sun exposure","f.1717.0.0",1717,"",NA,"2006-2010","ACE/Touchscreen","Sun exposure"
"517","skin_tan_ease","Ease of skin tanning","http://biobank.ndph.ox.ac.uk/showcase/field.cgi?id=1727",NA,"Sun exposure","f.1727.0.0",1727,"",NA,"2006-2010","ACE/Touchscreen","Sun exposure"
"518","childhood_sunburn_number","Childhood sunburn occasions","http://biobank.ndph.ox.ac.uk/showcase/field.cgi?id=1737",NA,"Sun exposure","f.1737.0.0",1737,"",NA,"2006-2010","ACE/Touchscreen","Sun exposure"
"519","hair_color","Hair colour (natural, before greying)","http://biobank.ndph.ox.ac.uk/showcase/field.cgi?id=1747",NA,"Sun exposure","f.1747.0.0",1747,"",NA,"2006-2010","ACE/Touchscreen","Sun exposure"
"520","facial_aging","Facial ageing","http://biobank.ndph.ox.ac.uk/showcase/field.cgi?id=1757",NA,"Sun exposure","f.1757.0.0",1757,"",NA,"2006-2010","ACE/Touchscreen","Sun exposure"
"521","sun_protection_use","Use of sun/uv protection","http://biobank.ndph.ox.ac.uk/showcase/field.cgi?id=2267",NA,"Sun exposure","f.2267.0.0",2267,"",NA,"2006-2010","ACE/Touchscreen","Sun exposure"
"522","solarium_freq","Frequency of solarium/sunlamp use","http://biobank.ndph.ox.ac.uk/showcase/field.cgi?id=2277",NA,"Sun exposure","f.2277.0.0",2277,"",NA,"2006-2010","ACE/Touchscreen","Sun exposure"
"523","sex_age_first","Age first had sexual intercourse","http://biobank.ndph.ox.ac.uk/showcase/field.cgi?id=2139",NA,"Sexual history","f.2139.0.0",2139,"",NA,"2006-2010","ACE/Touchscreen","Sexual factors"
"524","number_sex_partners","Lifetime number of sexual partners","http://biobank.ndph.ox.ac.uk/showcase/field.cgi?id=2149",NA,"Sexual history","f.2149.0.0",2149,"",NA,"2006-2010","ACE/Touchscreen","Sexual factors"
"525","same_sex_intercourse","Ever had same-sex intercourse","http://biobank.ndph.ox.ac.uk/showcase/field.cgi?id=2159",NA,"Sexual history","f.2159.0.0",2159,"",NA,"2006-2010","ACE/Touchscreen","Sexual factors"
"529","IPAQ_activity_group","IPAQ activity group","http://biobank.ndph.ox.ac.uk/showcase/field.cgi?id=22032",NA,"Physical activity","f.22032.0.0",22032,"",NA,"2006-2010","ACE/Touchscreen","MET scores"
"536","fast_driving","Drive faster than motorway speed limit","http://biobank.ndph.ox.ac.uk/showcase/field.cgi?id=1100",NA,"Physical activity","f.1100.0.0",1100,"",NA,"2006-2010","ACE/Touchscreen","Physical activity"
"566","sedentary","Derived variable on total hours of sedentary behavior based on previous publication","https://doi.org/10.1186/s12916-019-1339-0",NA,"Physical activity","",NA,"",NA,"","",""
"567","LTPA","Derived leisure time physical activity based on previous publication","https://doi.org/10.1186/s12966-020-00937-4",NA,"Physical activity","",NA,"",NA,"","",""
"568","OPA","Derived occupational physical activity based on previous publication","https://doi.org/10.1186/s12966-020-00937-4",NA,"Physical activity","",NA,"",NA,"","",""
"687","townsend_deprivation_index","Townsend deprivation index at recruitment","http://biobank.ndph.ox.ac.uk/showcase/field.cgi?id=189",NA,"Material deprivation","f.189.0.0",189,"",NA,"2006-2010","Population characteristics","Baseline characteristics"
"753","close_to_major_road","Close to major road","http://biobank.ndph.ox.ac.uk/showcase/field.cgi?id=24014",NA,"Physical environment","f.24014.0.0",24014,"",NA,"2006-2010","Additional exposures/Local environment","Residential air pollution"
"754","inverse_distance_nearest_major_road","Inverse distance to the nearest major road","http://biobank.ndph.ox.ac.uk/showcase/field.cgi?id=24012",NA,"Physical environment","f.24012.0.0",24012,"",NA,"2006-2010","Additional exposures/Local environment","Residential air pollution"
"755","inverse_distance_nearest_road","Inverse distance to the nearest road","http://biobank.ndph.ox.ac.uk/showcase/field.cgi?id=24010",NA,"Physical environment","f.24010.0.0",24010,"",NA,"2006-2010","Additional exposures/Local environment","Residential air pollution"
"756","NO2_2005","Nitrogen dioxide air pollution; 2005","http://biobank.ndph.ox.ac.uk/showcase/field.cgi?id=24016",NA,"Physical environment","f.24016.0.0",24016,"",NA,"2006-2010","Additional exposures/Local environment","Residential air pollution"
"757","NO2_2006","Nitrogen dioxide air pollution; 2006","http://biobank.ndph.ox.ac.uk/showcase/field.cgi?id=24017",NA,"Physical environment","f.24017.0.0",24017,"",NA,"2006-2010","Additional exposures/Local environment","Residential air pollution"
"758","NO2_2007","Nitrogen dioxide air pollution; 2007","http://biobank.ndph.ox.ac.uk/showcase/field.cgi?id=24018",NA,"Physical environment","f.24018.0.0",24018,"",NA,"2006-2010","Additional exposures/Local environment","Residential air pollution"
"759","NO2_2010","Nitrogen dioxide air pollution; 2010","http://biobank.ndph.ox.ac.uk/showcase/field.cgi?id=24003",NA,"Physical environment","f.24003.0.0",24003,"",NA,"2006-2010","Additional exposures/Local environment","Residential air pollution"
"760","NO_2010","Nitrogen oxides air pollution; 2010","http://biobank.ndph.ox.ac.uk/showcase/field.cgi?id=24004",NA,"Physical environment","f.24004.0.0",24004,"",NA,"2006-2010","Additional exposures/Local environment","Residential air pollution"
"761","PM10_2007","Particulate matter air pollution (pm10); 2007","http://biobank.ndph.ox.ac.uk/showcase/field.cgi?id=24019",NA,"Physical environment","f.24019.0.0",24019,"",NA,"2006-2010","Additional exposures/Local environment","Residential air pollution"
"762","PM10_2010","Particulate matter air pollution (pm10); 2010","http://biobank.ndph.ox.ac.uk/showcase/field.cgi?id=24005",NA,"Physical environment","f.24005.0.0",24005,"",NA,"2006-2010","Additional exposures/Local environment","Residential air pollution"
"763","PM2.5_absorbance_2010","Particulate matter air pollution (pm2.5) absorbance; 2010","http://biobank.ndph.ox.ac.uk/showcase/field.cgi?id=24007",NA,"Physical environment","f.24007.0.0",24007,"",NA,"2006-2010","Additional exposures/Local environment","Residential air pollution"
"764","PM2.5_2010","Particulate matter air pollution (pm2.5); 2010","http://biobank.ndph.ox.ac.uk/showcase/field.cgi?id=24006",NA,"Physical environment","f.24006.0.0",24006,"",NA,"2006-2010","Additional exposures/Local environment","Residential air pollution"
"765","PM2.5_to_10_2010","Particulate matter air pollution 2.5-10um; 2010","http://biobank.ndph.ox.ac.uk/showcase/field.cgi?id=24008",NA,"Physical environment","f.24008.0.0",24008,"",NA,"2006-2010","Additional exposures/Local environment","Residential air pollution"
"769","road_length_sum_100m","Sum of road length of major roads within 100m","http://biobank.ndph.ox.ac.uk/showcase/field.cgi?id=24015",NA,"Physical environment","f.24015.0.0",24015,"",NA,"2006-2010","Additional exposures/Local environment","Residential air pollution"
"770","traffic_load_major_roads","Total traffic load on major roads","http://biobank.ndph.ox.ac.uk/showcase/field.cgi?id=24013",NA,"Physical environment","f.24013.0.0",24013,"",NA,"2006-2010","Additional exposures/Local environment","Residential air pollution"
"771","traffic_intensity_nearest_major_road","Traffic intensity on the nearest major road","http://biobank.ndph.ox.ac.uk/showcase/field.cgi?id=24011",NA,"Physical environment","f.24011.0.0",24011,"",NA,"2006-2010","Additional exposures/Local environment","Residential air pollution"
"772","traffic_intensity_nearest_road","Traffic intensity on the nearest road","http://biobank.ndph.ox.ac.uk/showcase/field.cgi?id=24009",NA,"Physical environment","f.24009.0.0",24009,"",NA,"2006-2010","Additional exposures/Local environment","Residential air pollution"
"773","sound_average_16hr","Average 16-hour sound level of noise pollution","http://biobank.ndph.ox.ac.uk/showcase/field.cgi?id=24023",NA,"Physical environment","f.24023.0.0	",24023,"",NA,"2006-2010","Additional exposures/Local environment","Residential noise pollution"
"774","sound_average_24hr","Average 24-hour sound level of noise pollution","http://biobank.ndph.ox.ac.uk/showcase/field.cgi?id=24024",NA,"Physical environment","f.24024.0.0",24024,"",NA,"2006-2010","Additional exposures/Local environment","Residential noise pollution"
"775","daytime_sound_average","Average daytime sound level of noise pollution","http://biobank.ndph.ox.ac.uk/showcase/field.cgi?id=24020",NA,"Physical environment","f.24020.0.0",24020,"",NA,"2006-2010","Additional exposures/Local environment","Residential noise pollution"
"776","evening_sound_average","Average evening sound level of noise pollution","http://biobank.ndph.ox.ac.uk/showcase/field.cgi?id=24021",NA,"Physical environment","f.24021.0.0",24021,"",NA,"2006-2010","Additional exposures/Local environment","Residential noise pollution"
"777","night_sound_average","Average night-time sound level of noise pollution","http://biobank.ndph.ox.ac.uk/showcase/field.cgi?id=24022",NA,"Physical environment","f.24022.0.0",24022,"",NA,"2006-2010","Additional exposures/Local environment","Residential noise pollution"
"778","natural_environment_buffer_1000m","Natural environment percentage, buffer 1000m","http://biobank.ndph.ox.ac.uk/showcase/field.cgi?id=24506",NA,"Physical environment","f.24506.0.0",24506,"",NA,"2006-2010","Additional exposures/Local environment","Greenspace and coastal proximity"
"779","natural_environment_buffer_300m","Natural environment percentage, buffer 300m","http://biobank.ndph.ox.ac.uk/showcase/field.cgi?id=24507",NA,"Physical environment","f.24507.0.0",24507,"",NA,"2006-2010","Additional exposures/Local environment","Greenspace and coastal proximity"
"780","greenspace_buffer_1000m","Greenspace percentage, buffer 1000m","http://biobank.ndph.ox.ac.uk/showcase/field.cgi?id=24500",NA,"Physical environment","f.24500.0.0",24500,"",NA,"2006-2010","Additional exposures/Local environment","Greenspace and coastal proximity"
"781","greenspace_buffer_300m","Greenspace percentage, buffer 300m","http://biobank.ndph.ox.ac.uk/showcase/field.cgi?id=24503",NA,"Physical environment","f.24503.0.0",24503,"",NA,"2006-2010","Additional exposures/Local environment","Greenspace and coastal proximity"
"782","domestic_garden_buffer_1000m","Domestic garden percentage, buffer 1000m","http://biobank.ndph.ox.ac.uk/showcase/field.cgi?id=24501",NA,"Physical environment","f.24501.0.0",24501,"",NA,"2006-2010","Additional exposures/Local environment","Greenspace and coastal proximity"
"783","domestic_garden_buffer_300m","Domestic garden percentage, buffer 300m","http://biobank.ndph.ox.ac.uk/showcase/field.cgi?id=24504",NA,"Physical environment","f.24504.0.0",24504,"",NA,"2006-2010","Additional exposures/Local environment","Greenspace and coastal proximity"
"784","water_buffer_1000m","Water percentage, buffer 1000m","http://biobank.ndph.ox.ac.uk/showcase/field.cgi?id=24502",NA,"Physical environment","f.24502.0.0",24502,"",NA,"2006-2010","Additional exposures/Local environment","Greenspace and coastal proximity"
"785","water_buffer_300m","Water percentage, buffer 300m","http://biobank.ndph.ox.ac.uk/showcase/field.cgi?id=24505",NA,"Physical environment","f.24505.0.0",24505,"",NA,"2006-2010","Additional exposures/Local environment","Greenspace and coastal proximity"
"786","distance_to_coast","Distance (Euclidean) to coast","http://biobank.ndph.ox.ac.uk/showcase/field.cgi?id=24508",NA,"Physical environment","f.24508.0.0",24508,"",NA,"2006-2010","Additional exposures/Local environment","Greenspace and coastal proximity"
"788","population_density","Derived urban/rural using home area population density variable (from field ID listed in this row)","http://biobank.ndph.ox.ac.uk/showcase/field.cgi?id=20118",NA,"Physical environment","f.20118.0.0",20118,"",NA,"2006-2010","ACE/Recruitment","Reception"
